"Reference","Value","Footprint","Datasheet","Qty","DNP","Exclude from BOM","Exclude from Board"
"C1,C2","100u","Capacitor_THT:CP_Radial_D5.0mm_P2.50mm","~","2","","",""
"C3,C4,C5,C6,C7,C8,C9,C10,C11","100n","Capacitor_SMD:C_0805_2012Metric_Pad1.18x1.45mm_HandSolder","~","9","","",""
"C12","10u","Capacitor_SMD:C_0805_2012Metric_Pad1.18x1.45mm_HandSolder","~","1","","",""
"D1","1N4148","Diode_THT:D_DO-35_SOD27_P7.62mm_Horizontal","https://assets.nexperia.com/documents/data-sheet/1N4148_1N4448.pdf","1","","",""
"F1","Fuse","Fuse:Fuse_0805_2012Metric_Pad1.15x1.40mm_HandSolder","~","1","","",""
"H1,H2,H3,H4","MountingHole","MountingHole:MountingHole_3.2mm_M3","~","4","","Excluded from BOM",""
"J1,J2,J3,J4,J5","Conn_01x02","Connector_Molex:Molex_Micro-Fit_3.0_43650-0215_1x02_P3.00mm_Vertical","~","5","","",""
"K1","SANYOU_SRD_Form_C","Relay_THT:Relay_SPDT_SANYOU_SRD_Series_Form_C","http://www.sanyourelay.ca/public/products/pdf/SRD.pdf","1","","",""
"Q1","AO3401A","Package_TO_SOT_SMD:SOT-23","http://www.aosmd.com/pdfs/datasheet/AO3401A.pdf","1","","",""
"Q3,Q4","AO3400A","Package_TO_SOT_SMD:SOT-23","http://www.aosmd.com/pdfs/datasheet/AO3400A.pdf","2","","",""
"R1,R4,R5,R8,R16,R18,R25,R28,R29","100k","Resistor_SMD:R_0805_2012Metric_Pad1.20x1.40mm_HandSolder","~","9","","",""
"R2,R3,R6,R7","1k","Resistor_SMD:R_0805_2012Metric_Pad1.20x1.40mm_HandSolder","~","4","","",""
"R9,R10,R11,R12,R13,R19,R20,R22,R26,R27","10k","Resistor_SMD:R_0805_2012Metric_Pad1.20x1.40mm_HandSolder","~","10","","",""
"R14","40.2k","Resistor_SMD:R_0805_2012Metric_Pad1.20x1.40mm_HandSolder","~","1","","",""
"R15,R17","39k","Resistor_SMD:R_0805_2012Metric_Pad1.20x1.40mm_HandSolder","~","2","","",""
"R21","1M","Resistor_SMD:R_0805_2012Metric_Pad1.20x1.40mm_HandSolder","~","1","","",""
"R24","100R","Resistor_SMD:R_0805_2012Metric_Pad1.20x1.40mm_HandSolder","~","1","","",""
"RV1,RV2","20k","Potentiometer_THT:Potentiometer_Bourns_3296W_Vertical","~","2","","",""
"U1,U2,U6,U7","LM393","Package_SO:SOIC-8_3.9x4.9mm_P1.27mm","http://www.ti.com/lit/ds/symlink/lm393.pdf","4","","",""
"U3,U4","74AHC1G00","Package_TO_SOT_SMD:SOT-23-5_HandSoldering","http://www.ti.com/lit/sg/scyt129e/scyt129e.pdf","2","","",""
"U5","LM78M05_TO252","Package_TO_SOT_SMD:TO-252-2","https://www.onsemi.com/pub/Collateral/MC78M00-D.PDF","1","","",""
